Max,1680550728463.9348
Seb,1680550728463.9348
Lando,1680550728463.9348
Charles,1680550728463.9348
Sainz,1680550728463.9348
Lance,1680550728463.9348
Esteban,1680550728463.9348
Fernando,1680550728463.9348
Daniel,1680550728463.9348
Pierre,1680550728463.9348
Carlos,1680550728463.9348
Kimi,1680550728463.9348
Lewis,1680550728463.9348
Valtteri,1680550728463.9348
Max,1680550728465.1648
Seb,1680550728465.1682
Lando,1680550728465.1711
Charles,1680550728465.183
Sainz,1680550728465.1895
Lance,1680550728465.2036
Esteban,1680550728465.2332
Fernando,1680550728465.2202
Daniel,1680550728465.2434
Pierre,1680550728465.2346
Carlos,1680550728465.268
Kimi,1680550728465.286
Lewis,1680550728465.272
Valtteri,1680550728465.291
Max,1680550728466.4011
Seb,1680550728466.4219
Lando,1680550728466.4265
Charles,1680550728466.4458
Sainz,1680550728466.4775
Lance,1680550728466.4993
Esteban,1680550728466.5188
Fernando,1680550728466.5505
Daniel,1680550728466.5337
Pierre,1680550728466.5886
Carlos,1680550728466.5752
Kimi,1680550728466.6023
Lewis,1680550728466.6462
Valtteri,1680550728466.6528
Max,1680550728467.6448
Seb,1680550728467.695
Lando,1680550728467.68
Charles,1680550728467.6663
Sainz,1680550728467.7576
Lance,1680550728467.7634
Esteban,1680550728467.8262
Fernando,1680550728467.8215
Daniel,1680550728467.8208
Pierre,1680550728467.918
Carlos,1680550728467.938
Kimi,1680550728467.964
Lewis,1680550728468.0093
Valtteri,1680550728468.0266
Max,1680550728468.8716
Seb,1680550728468.897
Lando,1680550728468.867
Charles,1680550728469.0034
Sainz,1680550728469.046
Lance,1680550728469.0737
Esteban,1680550728469.1147
Fernando,1680550728469.1619
Daniel,1680550728469.2065
Pierre,1680550728469.2517
Carlos,1680550728469.2422
Kimi,1680550728469.3228
Lewis,1680550728469.3516
Valtteri,1680550728469.3523
Max,1680550728470.2002
Seb,1680550728470.129
Lando,1680550728470.2212
Charles,1680550728470.255
Sainz,1680550728470.2603
Lance,1680550728470.3784
Esteban,1680550728470.414
Fernando,1680550728470.3174
Daniel,1680550728470.5742
Pierre,1680550728470.4854
Carlos,1680550728470.5046
Kimi,1680550728470.6177
Lewis,1680550728470.6719
Valtteri,1680550728470.7393
Max,1680550728471.2634
Seb,1680550728471.2263
Lando,1680550728471.389
Charles,1680550728471.4949
Sainz,1680550728471.6338
Lance,1680550728471.6423
Esteban,1680550728471.7163
Fernando,1680550728471.7527
Daniel,1680550728471.8503
Pierre,1680550728471.9148
Carlos,1680550728471.9578
Kimi,1680550728471.9124
Lewis,1680550728472.0972
Valtteri,1680550728472.1414
Max,1680550728472.5034
Seb,1680550728472.6428
Lando,1680550728472.7273
Charles,1680550728472.7393
Sainz,1680550728472.6853
Lance,1680550728472.8516
Esteban,1680550728473.0857
Fernando,1680550728472.9067
Daniel,1680550728473.076
Pierre,1680550728473.235
Carlos,1680550728473.304
Kimi,1680550728473.243
Lewis,1680550728473.4658
Valtteri,1680550728473.4666
Max,1680550728473.7527
Seb,1680550728473.885
Lando,1680550728474.0525
Charles,1680550728474.1038
Sainz,1680550728473.9092
Lance,1680550728474.2104
Esteban,1680550728474.2034
Fernando,1680550728474.3547
Daniel,1680550728474.402
Pierre,1680550728474.4607
Carlos,1680550728474.6812
Kimi,1680550728474.7874
Lewis,1680550728474.813
Valtteri,1680550728474.7637
Max,1680550728474.9744
Seb,1680550728475.2036
Lando,1680550728475.274
Charles,1680550728475.2634
Sainz,1680550728475.309
Lance,1680550728475.3906
Esteban,1680550728475.6333
Fernando,1680550728475.639
Daniel,1680550728475.7715
Pierre,1680550728475.8145
Carlos,1680550728475.75
Kimi,1680550728475.911
Lewis,1680550728476.0408
Valtteri,1680550728476.3755
Max,1680550728476.3044
Seb,1680550728476.3318
Lando,1680550728476.3916
Charles,1680550728476.6245
Sainz,1680550728476.667
Lance,1680550728476.9138
Esteban,1680550728476.899
Fernando,1680550728476.8662
Daniel,1680550728477.1135
Pierre,1680550728477.1277
Carlos,1680550728477.142
Kimi,1680550728477.192
Lewis,1680550728477.407
Valtteri,1680550728477.372
Max,1680550728477.5603
Seb,1680550728477.524
Lando,1680550728477.6172
Charles,1680550728477.8044
Sainz,1680550728477.7937
Lance,1680550728478.1938
Esteban,1680550728477.9592
Fernando,1680550728478.3374
Daniel,1680550728478.2717
Pierre,1680550728478.6245
Carlos,1680550728478.4858
Kimi,1680550728478.6658
Lewis,1680550728478.7764
Valtteri,1680550728478.7644
Max,1680550728478.6738
Seb,1680550728478.7937
Lando,1680550728479.0598
Charles,1680550728478.9119
Sainz,1680550728479.4517
Lance,1680550728479.11
Esteban,1680550728479.3796
Fernando,1680550728479.4204
Daniel,1680550728479.8997
Pierre,1680550728479.8147
Carlos,1680550728479.9695
Kimi,1680550728480.293
Lewis,1680550728480.0503
Valtteri,1680550728480.1663
Max,1680550728479.749
Seb,1680550728480.1216
Lando,1680550728480.2148
Charles,1680550728480.5708
Sainz,1680550728480.445
Lance,1680550728480.5718
Esteban,1680550728480.7847
Fernando,1680550728480.9973
Daniel,1680550728480.9268
Pierre,1680550728481.1091
Carlos,1680550728481.4346
Kimi,1680550728481.3506
Lewis,1680550728481.661
Valtteri,1680550728481.667
Max,1680550728481.147
Seb,1680550728481.4468
Lando,1680550728481.3196
Charles,1680550728481.5718
Sainz,1680550728481.8127
Lance,1680550728481.776
Esteban,1680550728482.009
Fernando,1680550728482.2292
Daniel,1680550728482.1714
Pierre,1680550728482.2195
Carlos,1680550728482.5452
Kimi,1680550728482.6748
Lewis,1680550728482.8142
Valtteri,1680550728483.0212
Max,1680550728482.352
Seb,1680550728482.5996
Lando,1680550728482.8945
Charles,1680550728482.7483
Sainz,1680550728483.1047
Lance,1680550728483.4873
Esteban,1680550728483.1946
Fernando,1680550728483.4731
Daniel,1680550728483.6357
Pierre,1680550728483.9585
Carlos,1680550728483.7512
Kimi,1680550728484.1025
Lewis,1680550728484.0068
Valtteri,1680550728484.7175
Max,1680550728483.7644
Seb,1680550728483.8662
Lando,1680550728483.77
Charles,1680550728484.1553
Sainz,1680550728484.357
Lance,1680550728484.5256
Esteban,1680550728484.685
Fernando,1680550728484.617
Daniel,1680550728484.7358
Pierre,1680550728484.9097
Carlos,1680550728484.9285
Kimi,1680550728485.275
Lewis,1680550728485.2952
Valtteri,1680550728485.8496
Max,1680550728484.7803
Seb,1680550728485.2349
Lando,1680550728485.13
Charles,1680550728484.9937
Sainz,1680550728485.6345
Lance,1680550728485.7278
Esteban,1680550728486.0168
Fernando,1680550728485.9863
Daniel,1680550728485.8286
Pierre,1680550728486.4895
Carlos,1680550728486.674
Kimi,1680550728486.7173
Lewis,1680550728486.7424
Valtteri,1680550728487.1194
Max,1680550728486.0354
Seb,1680550728486.5542
Lando,1680550728486.6003
Charles,1680550728486.5835
Sainz,1680550728486.627
Lance,1680550728487.0356
Esteban,1680550728487.4387
Fernando,1680550728487.5107
Daniel,1680550728487.2249
Pierre,1680550728487.692
Carlos,1680550728487.9646
Kimi,1680550728488.484
Lewis,1680550728488.2808
Valtteri,1680550728488.5615
Max,1680550728487.6492
Seb,1680550728487.461
Lando,1680550728487.6965
Charles,1680550728487.6936
Sainz,1680550728488.1968
Lance,1680550728488.2444
Esteban,1680550728488.3516
Fernando,1680550728488.4766
Daniel,1680550728488.6196
Pierre,1680550728488.6152
Carlos,1680550728488.981
Kimi,1680550728489.5393
Lewis,1680550728489.1782
Valtteri,1680550728489.7686
